Ticket ID,Customer,Opened Date,Channel,First Response Hours,Resolution Hours,Self Service,CSAT
TKT-00001,Westline Systems,2026-01-13,Web,10.4,59.5,No,4.0
TKT-00002,Crescent Retail,2025-02-15,Web,12.8,24.7,Yes,4.0
TKT-00003,BrightPath Consulting,2025-10-30,Portal,18.2,81.0,No,3.2
TKT-00004,Quantum Tech,2026-02-19,Phone,12.0,14.6,No,3.2
TKT-00005,Urban Retail,2025-06-23,Portal,1.0,67.5,No,3.5
TKT-00006,Cobalt Systems,2025-10-20,Chat,23.8,76.3,No,3.2
TKT-00007,BluePeak Ltd,2026-04-08,Web,23.7,42.0,Yes,3.5
TKT-00008,Summit Manufacturing,2025-02-22,Chat,24.5,59.7,No,4.8
TKT-00009,Dawn Healthcare,2026-08-07,Email,20.5,48.3,No,3.1
TKT-00010,Fusion Logistics,2025-09-18,Portal,28.9,62.3,No,4.7
TKT-00011,Zenith Foods,2026-05-31,Phone,34.5,58.0,No,3.6
TKT-00012,Quantum Tech,2026-04-15,Chat,18.3,30.4,No,3.5
TKT-00013,Riverstone Ltd,2025-12-04,Phone,30.9,52.2,No,4.7
TKT-00014,Delta Systems,2026-08-16,Chat,30.3,37.6,No,4.3
TKT-00015,Zenith Foods,2025-10-11,Phone,27.6,66.9,No,4.6
TKT-00016,Gamma Manufacturing,2026-01-12,Chat,5.7,29.5,No,4.8
TKT-00017,Horizon Tech,2026-05-18,Portal,13.9,15.3,No,3.7
TKT-00018,Nova Systems,2026-05-08,Chat,29.9,101.4,No,3.0
TKT-00019,Horizon Tech,2025-09-07,Email,14.9,35.5,No,3.3
TKT-00020,Summit Manufacturing,2026-01-14,Portal,27.9,54.8,Yes,3.9
TKT-00021,Metro Healthcare,2025-11-11,Portal,15.5,55.6,Yes,4.2
TKT-00022,Fusion Logistics,2025-02-20,Portal,21.7,91.9,Yes,4.9
TKT-00023,Delta Systems,2026-01-11,Portal,1.8,26.0,Yes,3.4
TKT-00024,Urban Retail,2026-03-31,Phone,3.3,43.3,No,3.3
TKT-00025,Lotus Retail,2025-11-16,Email,5.3,29.4,No,4.6
TKT-00026,Kaveri Engineering,2025-02-01,Web,24.3,78.8,Yes,3.4
TKT-00027,Gamma Manufacturing,2025-05-05,Email,33.0,82.7,No,4.0
TKT-00028,Dawn Healthcare,2025-02-28,Chat,5.0,54.1,No,4.4
TKT-00029,Dawn Healthcare,2026-04-15,Chat,17.0,54.3,No,3.0
TKT-00030,Metro Healthcare,2025-02-17,Phone,33.8,85.3,No,3.2
TKT-00031,Delta Systems,2026-04-04,Phone,17.1,41.0,No,3.4
TKT-00032,Indus Education,2025-10-21,Chat,35.4,85.5,No,3.8
TKT-00033,Indus Education,2025-06-21,Portal,31.4,32.4,Yes,4.9
TKT-00034,Westline Systems,2025-12-14,Phone,21.4,89.3,No,3.0
TKT-00035,Orion Industrial,2026-06-29,Portal,6.6,31.4,Yes,4.2
TKT-00036,BluePeak Ltd,2025-02-25,Chat,28.4,37.8,No,3.5
TKT-00037,Kaveri Engineering,2025-02-15,Email,31.1,79.8,No,3.1
TKT-00038,Metro Healthcare,2025-07-07,Web,16.4,47.9,No,3.1
TKT-00039,Aria Components,2025-10-08,Web,1.3,43.7,Yes,4.9
TKT-00040,Kaveri Engineering,2026-02-18,Portal,32.3,47.4,No,4.2
TKT-00041,Zenith Foods,2026-08-08,Email,23.7,44.2,No,4.5
TKT-00042,Summit Manufacturing,2025-10-11,Email,32.6,66.4,No,4.9
TKT-00043,BluePeak Ltd,2025-11-04,Chat,3.1,51.5,No,3.1
TKT-00044,Nova Systems,2025-01-22,Portal,30.7,75.1,No,3.8
TKT-00045,Falcon Logistics,2026-04-24,Web,31.3,69.2,Yes,3.2
TKT-00046,Apex Industries,2026-02-13,Web,28.8,94.9,No,3.2
TKT-00047,Lotus Retail,2025-03-15,Portal,25.2,45.6,Yes,3.1
TKT-00048,Lotus Retail,2026-01-15,Email,25.5,85.0,No,3.8
TKT-00049,Westline Systems,2025-04-24,Chat,1.0,20.4,No,4.1
TKT-00050,Aria Components,2026-03-04,Email,9.2,13.3,No,4.9
TKT-00051,Pioneer Logistics,2025-10-26,Web,19.7,85.9,No,3.5
TKT-00052,BluePeak Ltd,2025-01-03,Email,15.2,24.0,No,3.9
TKT-00053,Cobalt Systems,2025-09-17,Chat,2.3,64.0,No,3.7
TKT-00054,Westline Systems,2025-12-11,Chat,4.1,29.3,No,3.7
TKT-00055,Delta Systems,2025-10-07,Portal,1.5,39.7,Yes,5.0
TKT-00056,Westline Systems,2026-08-18,Email,11.2,14.1,No,3.1
TKT-00057,Gamma Manufacturing,2026-08-27,Portal,10.3,32.0,Yes,3.3
TKT-00058,Aria Components,2025-09-21,Email,30.3,77.0,No,4.9
TKT-00059,Gamma Manufacturing,2026-02-12,Chat,5.7,52.7,No,3.3
TKT-00060,Eagle Retail,2025-06-03,Email,32.7,89.3,No,3.3
TKT-00061,Vertex Health,2025-08-19,Portal,25.3,34.5,No,3.5
TKT-00062,Vertex Health,2026-01-04,Chat,4.4,14.3,No,4.8
TKT-00063,Evergreen Health,2025-08-17,Phone,0.8,17.1,No,4.1
TKT-00064,Urban Retail,2026-05-21,Chat,18.5,52.7,No,4.0
TKT-00065,Jupiter Foods,2026-07-26,Phone,18.4,64.9,No,3.2
TKT-00066,Gamma Manufacturing,2026-04-21,Email,22.7,57.9,No,4.8
TKT-00067,Orion Industrial,2025-08-10,Web,13.3,46.4,No,3.1
TKT-00068,Crescent Retail,2025-05-03,Portal,12.3,43.7,Yes,3.4
TKT-00069,Urban Retail,2025-05-26,Phone,33.1,86.4,No,4.4
TKT-00070,Metro Healthcare,2025-02-19,Portal,10.9,51.7,No,3.1
TKT-00071,BrightPath Consulting,2026-07-29,Chat,35.4,71.7,No,3.0
TKT-00072,Lotus Retail,2025-04-13,Chat,13.0,40.2,No,4.4
TKT-00073,Metro Healthcare,2025-04-07,Portal,7.5,69.4,No,3.7
TKT-00074,Delta Systems,2025-05-24,Portal,3.8,17.8,No,3.6
TKT-00075,Indus Education,2025-10-06,Web,13.7,43.4,Yes,3.2
TKT-00076,Falcon Logistics,2026-03-09,Chat,2.7,34.9,No,3.8
TKT-00077,Summit Manufacturing,2026-07-24,Portal,32.6,60.7,Yes,3.9
TKT-00078,Zenith Foods,2025-06-02,Email,19.4,72.9,No,3.3
TKT-00079,Orion Industrial,2025-01-04,Chat,27.7,53.9,No,4.4
TKT-00080,Dawn Healthcare,2026-07-04,Email,5.8,12.7,No,5.0
TKT-00081,Westline Systems,2025-08-24,Phone,5.7,73.4,No,4.6
TKT-00082,Kaveri Engineering,2026-05-08,Portal,16.3,56.9,Yes,3.9
TKT-00083,Zenith Foods,2025-12-17,Web,21.6,35.9,Yes,3.2
TKT-00084,Crescent Retail,2025-03-10,Portal,30.8,53.0,Yes,4.2
TKT-00085,Dawn Healthcare,2025-09-24,Web,34.3,41.1,No,4.4
TKT-00086,Vertex Health,2026-03-09,Chat,6.0,39.3,No,4.7
TKT-00087,Lotus Retail,2026-03-30,Portal,20.5,66.3,No,4.0
TKT-00088,Nova Systems,2026-01-05,Web,13.3,63.0,Yes,3.9
TKT-00089,BluePeak Ltd,2025-11-29,Web,26.6,78.0,Yes,3.5
TKT-00090,Westline Systems,2025-08-01,Web,6.9,18.1,No,3.8
TKT-00091,Orion Industrial,2025-01-17,Email,10.0,24.0,No,3.4
TKT-00092,Delta Systems,2025-04-09,Chat,10.4,61.3,No,3.9
TKT-00093,Eagle Retail,2025-05-28,Email,5.9,38.4,No,4.2
TKT-00094,Trinity Services,2026-06-26,Email,12.1,68.2,No,4.5
TKT-00095,Quantum Tech,2025-01-22,Chat,3.8,54.5,No,4.6
TKT-00096,Jupiter Foods,2025-04-04,Portal,19.2,71.8,Yes,4.0
TKT-00097,Nova Systems,2026-06-03,Phone,18.9,59.7,No,4.2
TKT-00098,Delta Systems,2026-01-15,Web,21.9,80.1,Yes,3.7
TKT-00099,BrightPath Consulting,2025-10-05,Web,13.9,22.5,No,4.9
TKT-00100,Metro Healthcare,2025-11-27,Email,5.8,69.3,No,4.5
TKT-00101,Evergreen Health,2026-04-24,Email,18.5,24.4,No,5.0
TKT-00102,Kaveri Engineering,2025-10-29,Phone,27.7,38.4,No,4.1
TKT-00103,Dawn Healthcare,2025-06-11,Chat,4.5,56.4,No,4.9
TKT-00104,Horizon Tech,2026-03-27,Portal,32.1,48.9,Yes,3.1
TKT-00105,Apex Industries,2025-01-25,Email,29.5,57.0,No,4.2
TKT-00106,Lotus Retail,2026-03-06,Email,6.7,72.4,No,4.3
TKT-00107,Falcon Logistics,2026-01-19,Portal,19.4,83.6,Yes,3.7
TKT-00108,Fusion Logistics,2026-02-12,Email,20.5,29.9,No,4.6
TKT-00109,Fusion Logistics,2026-02-27,Web,8.2,41.5,Yes,4.6
TKT-00110,Delta Systems,2026-07-03,Email,18.7,61.3,No,4.0
TKT-00111,Cobalt Systems,2025-02-09,Email,33.2,37.8,No,4.6
TKT-00112,Urban Retail,2026-02-07,Portal,20.5,35.7,Yes,4.6
TKT-00113,Metro Healthcare,2025-05-08,Phone,13.3,54.1,No,3.1
TKT-00114,Gamma Manufacturing,2025-03-16,Chat,0.5,42.8,No,4.9
TKT-00115,Orion Industrial,2025-07-08,Email,2.1,40.5,No,3.5
TKT-00116,Urban Retail,2025-04-27,Phone,20.3,60.1,No,4.6
TKT-00117,Evergreen Health,2025-09-19,Phone,2.1,55.2,No,4.3
TKT-00118,Horizon Tech,2025-01-27,Email,18.1,60.9,No,4.3
TKT-00119,Cobalt Systems,2026-01-25,Web,23.4,58.2,No,3.7
TKT-00120,Evergreen Health,2025-09-25,Portal,26.8,28.4,Yes,4.2
TKT-00121,Jupiter Foods,2026-08-22,Email,17.2,62.8,No,4.1
TKT-00122,Westline Systems,2026-08-21,Chat,9.1,71.9,No,3.4
TKT-00123,Falcon Logistics,2025-01-17,Chat,21.6,86.3,No,4.7
TKT-00124,Lotus Retail,2025-08-06,Portal,1.9,41.9,Yes,3.9
TKT-00125,Eagle Retail,2025-12-06,Phone,21.3,29.5,No,3.2
TKT-00126,Delta Systems,2025-01-13,Portal,16.5,44.3,No,4.1
TKT-00127,Urban Retail,2026-06-30,Portal,9.5,41.1,No,4.3
TKT-00128,Urban Retail,2026-06-27,Web,2.1,70.5,No,3.8
TKT-00129,Vertex Health,2026-08-12,Phone,29.9,69.1,No,3.1
TKT-00130,Orion Industrial,2025-06-21,Chat,4.4,67.5,No,4.0
TKT-00131,Metro Healthcare,2025-06-10,Portal,2.4,30.9,Yes,4.8
TKT-00132,Nova Systems,2026-01-17,Chat,28.2,87.1,No,3.5
TKT-00133,Jupiter Foods,2025-10-08,Email,31.4,93.1,No,4.4
TKT-00134,Nova Systems,2026-03-23,Web,2.4,8.9,No,4.5
TKT-00135,Crescent Retail,2026-05-23,Portal,1.3,47.6,No,4.8
TKT-00136,Trinity Services,2025-09-13,Phone,8.1,12.2,No,4.4
TKT-00137,Urban Retail,2026-04-26,Email,15.7,24.0,No,5.0
TKT-00138,Pioneer Logistics,2026-06-06,Web,11.6,46.4,Yes,3.9
TKT-00139,Jupiter Foods,2025-10-15,Email,17.9,51.7,No,3.7
TKT-00140,Evergreen Health,2026-03-06,Web,32.0,84.1,Yes,3.3
TKT-00141,Quantum Tech,2025-10-13,Chat,5.8,51.0,No,4.3
TKT-00142,Lotus Retail,2025-02-20,Portal,11.0,20.5,Yes,4.2
TKT-00143,Quantum Tech,2025-03-12,Portal,7.4,46.7,Yes,3.7
TKT-00144,Jupiter Foods,2025-01-05,Web,16.5,43.5,Yes,4.3
TKT-00145,Aria Components,2025-05-20,Phone,30.1,79.8,No,4.5
TKT-00146,Cobalt Systems,2026-08-01,Email,36.0,63.5,No,4.0
TKT-00147,Pioneer Logistics,2026-05-06,Email,14.3,57.3,No,3.6
TKT-00148,Metro Healthcare,2025-12-28,Chat,29.0,73.7,No,4.8
TKT-00149,Aria Components,2026-07-03,Phone,18.8,32.2,No,3.3
TKT-00150,Zenith Foods,2025-07-29,Web,12.9,82.6,Yes,3.9
TKT-00151,Gamma Manufacturing,2025-07-05,Email,7.1,48.6,No,4.7
TKT-00152,BrightPath Consulting,2025-02-23,Chat,31.3,88.9,No,3.3
TKT-00153,Westline Systems,2026-01-28,Phone,31.0,65.6,No,4.3
TKT-00154,Metro Healthcare,2026-08-20,Phone,1.9,54.5,No,4.9
TKT-00155,Vertex Health,2026-05-10,Web,29.1,37.3,Yes,3.5
TKT-00156,Metro Healthcare,2025-03-27,Chat,10.3,65.1,No,3.7
TKT-00157,Falcon Logistics,2026-03-25,Email,34.2,103.2,No,4.5
TKT-00158,Westline Systems,2026-02-18,Email,27.2,88.8,No,3.6
TKT-00159,Metro Healthcare,2025-01-20,Portal,28.8,85.4,Yes,3.3
TKT-00160,Orion Industrial,2026-08-02,Portal,16.1,28.3,Yes,3.1
TKT-00161,Summit Manufacturing,2026-03-06,Phone,0.9,31.7,No,4.0
TKT-00162,Riverstone Ltd,2025-07-16,Portal,10.3,72.2,No,3.3
TKT-00163,BluePeak Ltd,2025-09-03,Web,17.4,87.0,No,3.6
TKT-00164,Riverstone Ltd,2026-07-20,Web,31.6,100.0,Yes,3.1
TKT-00165,Fusion Logistics,2026-03-28,Portal,8.6,30.0,Yes,4.6
TKT-00166,Lotus Retail,2025-02-26,Email,23.4,38.1,No,3.9
TKT-00167,Nova Systems,2026-07-30,Web,3.9,28.9,Yes,3.0
TKT-00168,Jupiter Foods,2026-03-28,Portal,1.8,6.7,Yes,4.7
TKT-00169,Vertex Health,2025-06-28,Chat,28.8,62.6,No,3.5
TKT-00170,Evergreen Health,2025-11-07,Email,29.6,72.4,No,3.3
TKT-00171,Fusion Logistics,2025-08-11,Chat,14.4,39.9,No,3.1
TKT-00172,Nova Systems,2026-02-26,Portal,17.3,47.9,Yes,3.3
TKT-00173,Trinity Services,2025-02-09,Web,17.9,81.3,Yes,3.6
TKT-00174,Gamma Manufacturing,2026-01-02,Chat,30.5,70.4,No,4.5
TKT-00175,Nova Systems,2025-02-08,Portal,32.0,59.8,Yes,3.5
TKT-00176,Eagle Retail,2026-03-11,Email,10.7,52.2,No,4.6
TKT-00177,Orion Industrial,2025-04-05,Email,6.6,75.3,No,4.8
TKT-00178,Crescent Retail,2025-10-22,Portal,31.6,54.5,No,3.7
TKT-00179,Delta Systems,2025-06-03,Web,6.2,58.8,No,4.7
TKT-00180,Fusion Logistics,2025-10-30,Chat,12.8,60.7,No,3.3
TKT-00181,Gamma Manufacturing,2025-03-07,Web,11.9,33.4,No,3.3
TKT-00182,Trinity Services,2025-11-10,Web,20.0,42.8,Yes,3.2
TKT-00183,Pioneer Logistics,2025-02-06,Phone,32.5,67.7,No,4.4
TKT-00184,Zenith Foods,2025-07-14,Phone,27.8,82.5,No,4.3
TKT-00185,Riverstone Ltd,2025-08-27,Email,31.3,58.0,No,3.2
TKT-00186,Cobalt Systems,2025-04-27,Phone,30.1,44.9,No,4.7
TKT-00187,Jupiter Foods,2026-07-10,Portal,20.6,42.9,Yes,3.6
TKT-00188,Fusion Logistics,2025-10-29,Phone,26.2,97.2,No,3.6
TKT-00189,Apex Industries,2025-08-30,Portal,7.9,10.1,Yes,3.1
TKT-00190,Crescent Retail,2025-06-13,Email,32.5,71.1,No,4.4
TKT-00191,Horizon Tech,2025-11-28,Portal,20.8,25.7,Yes,4.0
TKT-00192,Lotus Retail,2025-05-11,Phone,3.7,67.5,No,4.6
TKT-00193,Westline Systems,2025-12-19,Portal,35.3,60.2,No,4.2
TKT-00194,Fusion Logistics,2025-06-25,Web,35.8,95.8,Yes,3.8
TKT-00195,Jupiter Foods,2025-01-03,Web,1.7,72.4,Yes,3.2
TKT-00196,Trinity Services,2026-03-10,Chat,19.5,27.2,No,3.4
TKT-00197,Riverstone Ltd,2025-05-15,Portal,35.0,69.7,No,4.4
TKT-00198,Urban Retail,2025-08-22,Web,26.0,81.7,No,4.6
TKT-00199,Jupiter Foods,2026-03-30,Web,32.6,55.1,No,4.7
TKT-00200,Evergreen Health,2025-02-28,Chat,14.4,37.3,No,3.3
TKT-00201,Westline Systems,2025-01-05,Email,27.2,55.0,No,4.0
TKT-00202,Pioneer Logistics,2025-07-24,Chat,15.3,81.4,No,3.8
TKT-00203,Zenith Foods,2026-01-15,Email,5.2,9.1,No,4.4
TKT-00204,Eagle Retail,2026-01-27,Email,12.6,32.7,No,4.9
TKT-00205,Lotus Retail,2025-04-25,Email,30.3,67.0,No,4.5
TKT-00206,Jupiter Foods,2025-04-09,Portal,28.8,83.8,Yes,3.9
TKT-00207,Westline Systems,2025-04-10,Web,35.7,90.3,Yes,4.2
TKT-00208,Metro Healthcare,2026-01-16,Phone,19.0,59.9,No,4.2
TKT-00209,Aria Components,2026-01-04,Email,9.4,39.0,No,3.2
TKT-00210,Metro Healthcare,2025-05-18,Web,28.7,62.2,No,4.1
TKT-00211,Crescent Retail,2026-03-20,Web,16.2,64.5,No,4.4
TKT-00212,Trinity Services,2025-03-12,Portal,11.4,51.2,Yes,4.2
TKT-00213,Delta Systems,2025-02-28,Phone,14.6,67.6,No,4.2
TKT-00214,Quantum Tech,2026-03-20,Email,30.7,94.3,No,3.5
TKT-00215,Kaveri Engineering,2025-11-02,Email,13.2,26.1,No,4.5
TKT-00216,Nova Systems,2025-12-22,Portal,18.0,84.9,Yes,4.0
TKT-00217,Gamma Manufacturing,2025-04-09,Portal,6.6,23.9,No,4.2
TKT-00218,Summit Manufacturing,2025-06-30,Chat,34.0,36.4,No,4.5
TKT-00219,Aria Components,2025-01-30,Portal,16.7,43.2,Yes,3.7
TKT-00220,BluePeak Ltd,2025-02-02,Chat,8.0,34.0,No,4.6
TKT-00221,Metro Healthcare,2026-01-31,Web,33.7,89.1,Yes,4.0
TKT-00222,Indus Education,2026-02-28,Web,26.8,45.0,No,3.0
TKT-00223,BluePeak Ltd,2026-03-16,Chat,27.6,52.8,No,3.4
TKT-00224,BrightPath Consulting,2026-01-16,Phone,30.7,69.0,No,3.0
TKT-00225,Delta Systems,2026-08-22,Phone,7.3,38.5,No,4.2
TKT-00226,Pioneer Logistics,2026-03-12,Portal,11.4,16.1,Yes,4.5
TKT-00227,Delta Systems,2025-05-29,Email,20.3,57.6,No,3.1
TKT-00228,Evergreen Health,2025-10-04,Portal,31.0,56.7,No,4.1
TKT-00229,Riverstone Ltd,2026-08-23,Portal,5.4,59.0,No,4.5
TKT-00230,Lotus Retail,2025-08-25,Chat,4.8,30.4,No,4.9
TKT-00231,Apex Industries,2026-03-14,Chat,9.4,35.7,No,3.6
TKT-00232,Nova Systems,2026-01-09,Web,0.7,3.2,Yes,3.6
TKT-00233,Cobalt Systems,2026-07-27,Phone,34.0,42.2,No,3.2
TKT-00234,Eagle Retail,2025-10-31,Portal,28.9,43.5,Yes,3.6
TKT-00235,Vertex Health,2025-05-11,Chat,16.7,21.9,No,4.6
TKT-00236,Metro Healthcare,2026-03-11,Email,17.7,45.2,No,3.3
TKT-00237,Apex Industries,2025-07-14,Chat,13.2,39.9,No,4.6
TKT-00238,Quantum Tech,2026-02-09,Web,23.8,71.0,Yes,4.7
TKT-00239,Falcon Logistics,2026-03-29,Portal,8.6,74.7,Yes,4.3
TKT-00240,Kaveri Engineering,2025-12-21,Phone,18.0,64.2,No,3.9
TKT-00241,Nova Systems,2026-05-11,Portal,24.8,40.9,Yes,4.1
TKT-00242,BluePeak Ltd,2025-12-27,Portal,34.9,62.6,Yes,4.2
TKT-00243,Westline Systems,2026-02-24,Phone,17.7,57.6,No,4.5
TKT-00244,Urban Retail,2026-07-22,Web,30.8,71.6,No,3.9
TKT-00245,BluePeak Ltd,2026-01-23,Email,11.6,32.7,No,4.7
TKT-00246,Vertex Health,2025-06-07,Portal,15.4,44.3,Yes,3.6
TKT-00247,Dawn Healthcare,2026-01-23,Email,30.2,58.9,No,4.3
TKT-00248,Summit Manufacturing,2025-08-07,Web,19.0,76.5,Yes,3.8
TKT-00249,Cobalt Systems,2026-06-24,Chat,0.6,24.8,No,4.6
TKT-00250,Horizon Tech,2025-04-26,Portal,19.6,28.2,No,3.2
TKT-00251,Summit Manufacturing,2025-11-09,Email,11.7,58.5,No,3.5
TKT-00252,Delta Systems,2025-01-10,Portal,17.6,35.9,No,3.3
TKT-00253,Crescent Retail,2025-02-06,Portal,13.8,42.2,Yes,4.9
TKT-00254,Horizon Tech,2026-07-28,Web,35.0,75.7,Yes,3.0
TKT-00255,Evergreen Health,2025-12-21,Web,31.2,36.1,No,3.2
TKT-00256,Apex Industries,2026-05-08,Phone,9.5,63.0,No,4.7
TKT-00257,Gamma Manufacturing,2025-01-27,Phone,35.8,85.1,No,4.7
TKT-00258,Indus Education,2026-05-11,Phone,34.3,66.4,No,3.9
TKT-00259,Aria Components,2026-04-14,Web,11.4,82.2,Yes,3.8
TKT-00260,Indus Education,2025-10-15,Phone,8.3,16.6,No,3.9
TKT-00261,Pioneer Logistics,2026-03-04,Email,28.6,92.1,No,3.6
TKT-00262,Zenith Foods,2025-10-14,Email,30.8,46.9,No,3.6
TKT-00263,Indus Education,2025-11-29,Web,21.3,60.2,Yes,4.3
TKT-00264,Riverstone Ltd,2025-04-06,Phone,18.0,38.5,No,4.9
TKT-00265,Jupiter Foods,2025-11-30,Chat,16.2,64.5,No,3.3
TKT-00266,Falcon Logistics,2025-01-04,Email,14.5,20.1,No,3.6
TKT-00267,Pioneer Logistics,2025-07-08,Chat,14.9,17.0,No,3.1
TKT-00268,Pioneer Logistics,2025-06-05,Email,17.1,59.2,No,4.3
TKT-00269,Dawn Healthcare,2026-06-25,Portal,35.8,48.5,Yes,4.2
TKT-00270,Zenith Foods,2025-01-18,Email,32.4,70.2,No,4.6
TKT-00271,Cobalt Systems,2025-11-26,Portal,35.5,60.7,No,3.8
TKT-00272,Apex Industries,2025-03-01,Web,4.7,76.3,Yes,3.5
TKT-00273,Trinity Services,2026-07-25,Chat,2.0,19.7,No,4.3
TKT-00274,Fusion Logistics,2026-01-15,Web,4.0,54.3,No,4.2
TKT-00275,Gamma Manufacturing,2026-03-12,Portal,33.8,94.8,Yes,3.0
TKT-00276,BluePeak Ltd,2025-02-12,Web,18.9,65.5,No,3.8
TKT-00277,Evergreen Health,2026-03-03,Chat,27.7,89.2,No,3.6
TKT-00278,Kaveri Engineering,2025-09-18,Web,34.6,85.6,Yes,4.0
TKT-00279,Apex Industries,2025-03-04,Web,9.1,51.0,Yes,3.4
TKT-00280,Crescent Retail,2026-05-06,Web,33.6,34.6,Yes,4.5
TKT-00281,Metro Healthcare,2025-07-16,Chat,11.7,46.5,No,3.7
TKT-00282,Cobalt Systems,2026-07-30,Portal,36.0,63.3,Yes,4.3
TKT-00283,Eagle Retail,2025-12-03,Phone,3.5,22.7,No,3.4
TKT-00284,Delta Systems,2025-03-28,Portal,13.7,51.4,Yes,3.7
TKT-00285,Metro Healthcare,2026-03-14,Email,29.5,68.8,No,3.7
TKT-00286,Quantum Tech,2026-08-04,Email,16.7,38.4,No,4.8
TKT-00287,BluePeak Ltd,2025-10-21,Portal,34.8,88.3,Yes,4.9
TKT-00288,Metro Healthcare,2025-01-12,Phone,2.0,11.0,No,3.2
TKT-00289,Horizon Tech,2025-10-14,Phone,4.4,49.2,No,4.5
TKT-00290,Orion Industrial,2026-08-04,Chat,28.5,87.2,No,4.9
TKT-00291,Aria Components,2025-09-11,Portal,7.8,64.8,No,3.2
TKT-00292,Fusion Logistics,2026-03-11,Email,31.4,80.0,No,4.8
TKT-00293,Crescent Retail,2026-03-02,Chat,35.2,89.0,No,3.6
TKT-00294,Kaveri Engineering,2025-02-03,Portal,13.6,42.9,No,4.4
TKT-00295,Cobalt Systems,2025-07-24,Phone,16.2,20.7,No,4.7
TKT-00296,Gamma Manufacturing,2026-07-31,Portal,19.3,26.5,Yes,3.1
TKT-00297,Riverstone Ltd,2025-08-26,Email,25.2,49.6,No,3.1
TKT-00298,Apex Industries,2026-03-31,Portal,3.0,69.8,Yes,3.6
TKT-00299,Summit Manufacturing,2026-03-10,Chat,16.8,62.4,No,4.8
TKT-00300,Fusion Logistics,2025-10-17,Phone,33.1,62.7,No,4.6
TKT-00301,Trinity Services,2025-11-29,Email,2.8,55.7,No,3.2
TKT-00302,Pioneer Logistics,2025-09-12,Chat,11.9,77.9,No,4.7
TKT-00303,Vertex Health,2025-05-07,Email,16.9,82.5,No,3.2
TKT-00304,Urban Retail,2026-05-28,Web,32.5,102.3,Yes,3.9
TKT-00305,Gamma Manufacturing,2025-01-08,Email,23.1,59.2,No,3.9
TKT-00306,Dawn Healthcare,2025-09-12,Email,12.1,79.8,No,4.8
TKT-00307,BrightPath Consulting,2025-10-02,Phone,22.3,34.3,No,4.6
TKT-00308,Quantum Tech,2025-02-03,Phone,10.8,44.9,No,3.7
TKT-00309,Jupiter Foods,2025-10-16,Portal,16.1,77.6,Yes,5.0
TKT-00310,Lotus Retail,2026-02-23,Web,18.1,80.6,Yes,3.5
TKT-00311,Falcon Logistics,2025-03-28,Email,6.6,48.3,No,3.0
TKT-00312,Summit Manufacturing,2025-05-31,Chat,25.6,57.8,No,3.6
TKT-00313,Westline Systems,2025-10-17,Web,34.6,78.0,Yes,4.7
TKT-00314,Metro Healthcare,2025-06-17,Web,33.6,86.9,No,4.0
TKT-00315,Falcon Logistics,2026-01-28,Chat,29.9,85.2,No,3.7
TKT-00316,Kaveri Engineering,2026-07-08,Portal,17.6,42.7,Yes,3.8
TKT-00317,Cobalt Systems,2025-09-04,Web,2.2,29.0,No,3.7
TKT-00318,Aria Components,2025-06-01,Chat,12.5,52.3,No,3.1
TKT-00319,Horizon Tech,2025-09-07,Portal,3.9,20.6,Yes,3.3
TKT-00320,Jupiter Foods,2025-05-11,Portal,15.1,52.1,Yes,3.9
TKT-00321,Zenith Foods,2026-07-10,Web,5.4,19.1,No,4.3
TKT-00322,Kaveri Engineering,2025-04-28,Portal,3.6,14.2,Yes,3.6
TKT-00323,Cobalt Systems,2026-08-04,Web,16.4,85.9,Yes,3.5
TKT-00324,Eagle Retail,2025-04-16,Phone,5.5,10.7,No,3.6
TKT-00325,Falcon Logistics,2026-01-07,Portal,33.7,104.3,Yes,3.3
TKT-00326,Summit Manufacturing,2026-03-22,Web,17.8,68.2,Yes,3.6
TKT-00327,Aria Components,2025-01-26,Email,8.5,44.2,No,4.1
TKT-00328,Urban Retail,2025-11-08,Email,20.2,39.3,No,3.0
TKT-00329,Metro Healthcare,2025-11-17,Phone,26.0,44.4,No,4.3
TKT-00330,Nova Systems,2025-09-02,Email,11.4,80.1,No,4.2
TKT-00331,Vertex Health,2025-11-25,Chat,5.2,13.3,No,4.1
TKT-00332,Aria Components,2025-04-29,Email,11.5,20.6,No,4.1
TKT-00333,BrightPath Consulting,2025-12-17,Web,34.1,72.7,No,4.9
TKT-00334,Orion Industrial,2025-04-11,Email,21.3,66.6,No,4.5
TKT-00335,Aria Components,2025-09-15,Portal,26.9,80.7,No,3.0
TKT-00336,BrightPath Consulting,2025-01-08,Portal,3.9,41.3,Yes,3.1
TKT-00337,Evergreen Health,2026-08-07,Email,17.1,45.3,No,3.4
TKT-00338,Trinity Services,2025-07-04,Portal,11.1,62.2,Yes,4.8
TKT-00339,Pioneer Logistics,2025-03-07,Portal,10.2,38.5,No,3.8
TKT-00340,Lotus Retail,2026-01-19,Chat,34.3,39.8,No,4.8
TKT-00341,Orion Industrial,2026-04-29,Portal,8.7,75.6,Yes,4.3
TKT-00342,Pioneer Logistics,2025-08-12,Email,27.1,81.0,No,4.3
TKT-00343,Falcon Logistics,2026-05-12,Phone,6.5,28.6,No,4.9
TKT-00344,Westline Systems,2026-05-24,Chat,16.3,70.1,No,3.1
TKT-00345,Kaveri Engineering,2026-07-17,Phone,30.0,42.8,No,3.1
TKT-00346,Horizon Tech,2025-09-17,Web,13.1,27.6,No,3.6
TKT-00347,Crescent Retail,2025-05-30,Chat,5.6,67.6,No,4.9
TKT-00348,Crescent Retail,2025-01-24,Web,19.3,87.6,No,4.1
TKT-00349,Riverstone Ltd,2026-01-11,Web,15.7,51.6,Yes,3.6
TKT-00350,Kaveri Engineering,2025-08-25,Portal,15.8,59.9,Yes,3.9
TKT-00351,Lotus Retail,2025-09-01,Portal,32.8,65.2,Yes,3.8
TKT-00352,Pioneer Logistics,2025-11-27,Phone,6.1,27.2,No,3.8
TKT-00353,Quantum Tech,2025-08-31,Web,25.6,28.7,No,3.8
TKT-00354,Orion Industrial,2026-02-04,Phone,23.0,38.1,No,4.1
TKT-00355,Westline Systems,2026-02-04,Web,19.3,31.0,Yes,3.5
TKT-00356,Zenith Foods,2025-11-18,Web,25.5,40.6,Yes,4.5
TKT-00357,Lotus Retail,2025-09-30,Web,10.4,50.1,Yes,4.0
TKT-00358,Nova Systems,2025-09-22,Phone,29.8,95.4,No,3.6
TKT-00359,Summit Manufacturing,2025-05-23,Web,9.9,55.5,No,3.6
TKT-00360,Jupiter Foods,2025-08-19,Web,35.0,45.8,No,3.9
TKT-00361,Pioneer Logistics,2026-06-22,Email,26.9,41.1,No,3.8
TKT-00362,Pioneer Logistics,2025-04-30,Portal,30.3,79.5,Yes,3.4
TKT-00363,Zenith Foods,2025-02-06,Web,17.5,44.0,Yes,4.6
TKT-00364,Trinity Services,2026-02-09,Chat,7.6,27.8,No,3.2
TKT-00365,Vertex Health,2026-07-18,Portal,27.1,56.2,No,4.4
TKT-00366,Riverstone Ltd,2026-07-26,Chat,4.2,29.0,No,4.5
TKT-00367,Kaveri Engineering,2025-03-05,Portal,23.0,63.1,Yes,4.3
TKT-00368,Summit Manufacturing,2025-06-05,Chat,31.8,44.4,No,4.2
TKT-00369,Evergreen Health,2026-04-30,Email,33.0,83.7,No,4.3
TKT-00370,Cobalt Systems,2025-04-30,Web,31.3,79.8,No,4.1
TKT-00371,Orion Industrial,2025-08-08,Portal,1.8,20.7,Yes,4.0
TKT-00372,Lotus Retail,2025-03-25,Portal,28.2,66.6,Yes,3.5
TKT-00373,Summit Manufacturing,2026-03-11,Email,29.4,63.7,No,5.0
TKT-00374,Metro Healthcare,2025-06-23,Phone,31.4,66.9,No,3.2
TKT-00375,Nova Systems,2025-07-17,Phone,22.6,32.3,No,4.0
TKT-00376,Urban Retail,2025-07-26,Web,27.4,76.7,Yes,3.3
TKT-00377,Eagle Retail,2025-03-09,Portal,5.7,27.4,No,3.2
TKT-00378,Aria Components,2025-01-04,Portal,13.5,15.4,No,3.7
TKT-00379,Cobalt Systems,2026-08-14,Phone,31.4,62.3,No,3.5
TKT-00380,Evergreen Health,2026-06-23,Web,29.1,67.2,No,3.2
TKT-00381,BrightPath Consulting,2025-03-08,Phone,1.9,22.5,No,3.9
TKT-00382,Aria Components,2025-05-03,Web,1.0,33.9,No,5.0
TKT-00383,Westline Systems,2025-05-18,Web,11.1,21.9,Yes,3.4
TKT-00384,Quantum Tech,2025-03-27,Web,32.7,93.3,Yes,4.0
TKT-00385,Aria Components,2026-01-03,Phone,8.1,38.9,No,4.8
TKT-00386,Delta Systems,2026-02-22,Portal,2.0,48.8,Yes,4.8
TKT-00387,Evergreen Health,2025-12-27,Chat,21.2,26.2,No,3.4
TKT-00388,Evergreen Health,2025-04-28,Web,11.9,46.3,Yes,3.8
TKT-00389,Dawn Healthcare,2025-01-02,Email,8.9,32.4,No,5.0
TKT-00390,Zenith Foods,2025-05-27,Email,10.5,18.6,No,4.3
TKT-00391,Kaveri Engineering,2025-12-04,Phone,31.3,69.9,No,3.3
TKT-00392,Pioneer Logistics,2025-05-03,Phone,28.3,91.3,No,4.6
TKT-00393,Cobalt Systems,2025-07-20,Phone,26.6,32.6,No,4.0
TKT-00394,Apex Industries,2026-03-07,Portal,23.9,57.5,Yes,4.3
TKT-00395,Quantum Tech,2026-08-16,Web,21.2,76.6,Yes,3.0
TKT-00396,Trinity Services,2025-03-04,Chat,17.8,35.5,No,4.9
TKT-00397,Evergreen Health,2025-08-17,Chat,22.1,77.6,No,4.4
TKT-00398,Nova Systems,2026-02-18,Chat,9.0,73.1,No,3.3
TKT-00399,Gamma Manufacturing,2025-12-07,Web,11.3,28.0,No,3.2
TKT-00400,Westline Systems,2025-01-20,Phone,7.2,20.0,No,4.5
TKT-00401,Horizon Tech,2026-02-26,Phone,5.4,12.6,No,4.1
TKT-00402,Lotus Retail,2025-07-03,Phone,0.5,47.6,No,4.9
TKT-00403,Gamma Manufacturing,2025-10-09,Phone,28.5,34.7,No,3.0
TKT-00404,Trinity Services,2026-06-12,Portal,5.8,10.0,Yes,4.2
TKT-00405,Metro Healthcare,2025-10-20,Web,14.0,32.2,Yes,4.4
TKT-00406,Pioneer Logistics,2025-08-28,Email,20.8,67.6,No,4.5
TKT-00407,Urban Retail,2026-02-07,Web,32.5,52.0,No,3.4
TKT-00408,Falcon Logistics,2026-03-19,Chat,21.5,86.9,No,3.3
TKT-00409,Quantum Tech,2026-04-18,Portal,2.9,6.7,Yes,4.3
TKT-00410,Evergreen Health,2026-05-11,Email,17.6,83.5,No,3.9
TKT-00411,Urban Retail,2025-08-14,Portal,2.1,39.0,Yes,3.7
TKT-00412,Aria Components,2025-07-17,Portal,0.7,72.2,No,4.3
TKT-00413,Jupiter Foods,2025-03-19,Portal,21.3,86.4,Yes,4.6
TKT-00414,Falcon Logistics,2025-05-10,Chat,0.9,27.4,No,4.7
TKT-00415,BluePeak Ltd,2025-04-17,Email,35.0,39.4,No,4.5
TKT-00416,Fusion Logistics,2026-07-14,Email,34.8,66.1,No,3.3
TKT-00417,Zenith Foods,2026-02-14,Phone,34.9,52.7,No,4.0
TKT-00418,Jupiter Foods,2025-03-13,Phone,16.3,84.4,No,4.7
TKT-00419,Falcon Logistics,2025-12-26,Chat,17.0,84.0,No,4.4
TKT-00420,Metro Healthcare,2025-05-22,Portal,10.7,43.9,No,4.5
TKT-00421,Eagle Retail,2026-04-17,Email,29.9,100.2,No,4.3
TKT-00422,Gamma Manufacturing,2026-01-01,Portal,29.7,62.6,No,4.9
TKT-00423,BrightPath Consulting,2025-11-17,Chat,34.8,106.3,No,3.4
TKT-00424,BrightPath Consulting,2026-05-21,Email,29.1,30.3,No,4.7
TKT-00425,Zenith Foods,2026-01-21,Email,33.3,62.9,No,3.8
TKT-00426,BrightPath Consulting,2025-08-21,Email,31.9,55.9,No,3.8
TKT-00427,Westline Systems,2025-07-16,Email,21.8,85.9,No,4.4
TKT-00428,Metro Healthcare,2026-05-06,Email,14.4,23.0,No,4.9
TKT-00429,Trinity Services,2026-04-03,Web,11.9,74.1,Yes,4.6
TKT-00430,BrightPath Consulting,2025-04-25,Email,2.4,15.0,No,4.2
TKT-00431,Evergreen Health,2026-04-09,Chat,21.8,91.2,No,4.7
TKT-00432,Zenith Foods,2025-04-01,Web,23.7,88.8,No,4.0
TKT-00433,BrightPath Consulting,2026-03-11,Email,16.7,88.2,No,3.5
TKT-00434,Urban Retail,2025-12-14,Web,16.0,61.0,Yes,4.5
TKT-00435,Delta Systems,2026-07-03,Phone,13.6,80.9,No,3.5
TKT-00436,Gamma Manufacturing,2025-09-25,Web,12.8,30.1,Yes,4.1
TKT-00437,Eagle Retail,2025-06-11,Portal,19.5,55.9,Yes,3.8
TKT-00438,BrightPath Consulting,2026-03-27,Email,33.6,75.4,No,4.7
TKT-00439,Lotus Retail,2025-03-30,Chat,7.3,13.4,No,4.7
TKT-00440,Evergreen Health,2026-03-30,Web,13.1,23.0,No,4.7
TKT-00441,Vertex Health,2026-03-19,Portal,20.7,72.5,No,3.0
TKT-00442,Westline Systems,2025-12-26,Email,1.7,21.3,No,4.7
TKT-00443,Kaveri Engineering,2025-10-30,Phone,27.2,44.4,No,4.6
TKT-00444,Metro Healthcare,2026-06-24,Chat,29.1,91.2,No,4.9
TKT-00445,Kaveri Engineering,2026-03-19,Portal,18.7,40.1,Yes,3.3
TKT-00446,BluePeak Ltd,2026-04-21,Email,7.7,11.8,No,3.9
TKT-00447,Dawn Healthcare,2026-05-16,Portal,30.2,52.6,No,4.3
TKT-00448,Westline Systems,2026-02-23,Chat,24.2,77.8,No,4.3
TKT-00449,Crescent Retail,2026-03-27,Chat,28.0,71.7,No,4.4
TKT-00450,Fusion Logistics,2025-01-11,Phone,25.6,52.4,No,3.3
TKT-00451,Riverstone Ltd,2025-10-31,Email,8.0,53.5,No,3.0
TKT-00452,Vertex Health,2025-11-27,Email,19.4,63.0,No,3.3
TKT-00453,Westline Systems,2026-01-26,Portal,2.4,39.7,No,4.7
TKT-00454,Zenith Foods,2025-01-20,Web,11.0,17.1,No,3.2
TKT-00455,Pioneer Logistics,2025-10-25,Email,24.3,29.4,No,4.3
TKT-00456,Kaveri Engineering,2025-11-06,Portal,1.9,54.3,No,3.1
TKT-00457,Lotus Retail,2025-09-12,Portal,11.9,61.6,No,3.5
TKT-00458,Jupiter Foods,2025-03-03,Phone,20.8,26.1,No,4.2
TKT-00459,Metro Healthcare,2025-12-31,Phone,12.4,30.1,No,4.9
TKT-00460,Metro Healthcare,2026-08-07,Web,34.7,59.2,Yes,3.8
TKT-00461,Evergreen Health,2026-07-08,Web,2.1,55.1,No,4.9
TKT-00462,Apex Industries,2025-09-24,Web,22.4,33.4,Yes,3.1
TKT-00463,Kaveri Engineering,2025-12-08,Email,0.7,18.0,No,4.7
TKT-00464,Evergreen Health,2025-10-11,Chat,13.0,79.8,No,3.1
TKT-00465,Aria Components,2025-12-04,Phone,29.9,44.8,No,3.5
TKT-00466,Gamma Manufacturing,2025-05-09,Portal,19.1,41.4,Yes,3.9
TKT-00467,Summit Manufacturing,2025-08-27,Email,25.8,60.0,No,3.5
TKT-00468,Horizon Tech,2025-09-05,Email,5.5,39.9,No,4.3
TKT-00469,Eagle Retail,2026-08-07,Phone,8.5,38.0,No,4.0
TKT-00470,Kaveri Engineering,2025-06-05,Chat,4.6,60.8,No,3.6
TKT-00471,Jupiter Foods,2025-11-08,Web,20.0,50.7,Yes,3.0
TKT-00472,Gamma Manufacturing,2026-07-23,Phone,12.8,64.4,No,3.1
TKT-00473,Pioneer Logistics,2026-06-09,Portal,8.3,66.0,Yes,4.5
TKT-00474,Pioneer Logistics,2026-07-18,Email,32.8,54.1,No,4.4
TKT-00475,Nova Systems,2026-03-24,Chat,7.1,31.2,No,3.2
TKT-00476,Urban Retail,2025-03-17,Email,35.4,39.8,No,3.6
TKT-00477,Cobalt Systems,2026-03-10,Web,6.9,37.7,Yes,4.8
TKT-00478,Jupiter Foods,2025-03-05,Email,2.3,7.9,No,3.1
TKT-00479,Lotus Retail,2026-02-03,Email,25.4,33.0,No,4.6
TKT-00480,Lotus Retail,2026-04-21,Email,19.2,89.2,No,3.9
TKT-00481,Nova Systems,2026-03-12,Phone,20.9,74.2,No,4.7
TKT-00482,Cobalt Systems,2025-02-08,Web,25.0,81.3,Yes,5.0
TKT-00483,Jupiter Foods,2025-09-01,Chat,4.0,62.8,No,3.0
TKT-00484,Kaveri Engineering,2025-11-14,Phone,27.4,44.4,No,4.9
TKT-00485,Urban Retail,2025-12-07,Phone,19.8,75.1,No,3.8
TKT-00486,Apex Industries,2025-11-27,Portal,13.2,55.4,Yes,4.4
TKT-00487,Indus Education,2025-06-10,Portal,31.4,54.4,Yes,3.4
TKT-00488,Delta Systems,2025-07-11,Email,13.8,17.7,No,4.2
TKT-00489,Westline Systems,2026-04-03,Phone,16.8,72.0,No,4.2
TKT-00490,Quantum Tech,2025-01-03,Phone,9.2,56.6,No,3.0
TKT-00491,BrightPath Consulting,2025-02-16,Chat,2.7,19.2,No,3.6
TKT-00492,Vertex Health,2025-02-24,Email,1.2,41.7,No,4.4
TKT-00493,Indus Education,2026-02-28,Portal,27.5,93.4,Yes,4.9
TKT-00494,Zenith Foods,2026-03-19,Chat,8.1,74.1,No,4.0
TKT-00495,Lotus Retail,2026-05-21,Chat,11.8,22.3,No,4.3
TKT-00496,Riverstone Ltd,2025-02-14,Web,11.5,72.4,No,3.7
TKT-00497,BrightPath Consulting,2026-05-18,Chat,29.9,101.8,No,4.5
TKT-00498,Summit Manufacturing,2025-07-25,Chat,33.8,103.3,No,3.4
TKT-00499,Metro Healthcare,2026-03-21,Phone,16.0,61.9,No,3.4
TKT-00500,Aria Components,2025-08-13,Phone,25.6,50.9,No,4.3
TKT-00501,Falcon Logistics,2026-02-28,Phone,31.9,78.4,No,4.4
TKT-00502,BluePeak Ltd,2025-05-24,Phone,17.8,46.6,No,4.1
TKT-00503,Metro Healthcare,2025-04-04,Web,21.0,52.9,No,4.7
TKT-00504,Urban Retail,2025-10-08,Phone,2.0,5.4,No,3.0
TKT-00505,Indus Education,2025-11-27,Web,19.3,83.1,Yes,3.5
TKT-00506,Zenith Foods,2026-07-02,Web,22.1,56.6,Yes,3.7
TKT-00507,Lotus Retail,2026-01-02,Portal,2.4,63.6,Yes,4.7
TKT-00508,Jupiter Foods,2025-04-08,Email,7.1,21.6,No,3.9
TKT-00509,BrightPath Consulting,2025-12-30,Email,18.0,39.7,No,4.6
TKT-00510,Kaveri Engineering,2026-06-25,Email,15.9,72.5,No,4.4
TKT-00511,Indus Education,2025-03-17,Web,8.8,62.5,Yes,4.9
TKT-00512,Nova Systems,2025-07-12,Portal,33.3,70.6,Yes,3.7
TKT-00513,BluePeak Ltd,2026-01-08,Web,23.3,79.1,Yes,4.7
TKT-00514,Summit Manufacturing,2025-05-22,Chat,0.9,12.3,No,4.9
TKT-00515,BrightPath Consulting,2025-04-11,Portal,20.1,90.8,Yes,3.0
TKT-00516,Evergreen Health,2025-06-18,Phone,4.6,23.0,No,4.4
TKT-00517,Eagle Retail,2026-03-08,Chat,10.8,69.3,No,3.9
TKT-00518,Indus Education,2025-11-26,Chat,6.4,14.9,No,3.0
TKT-00519,Westline Systems,2026-03-30,Phone,14.1,38.2,No,3.6
TKT-00520,Gamma Manufacturing,2025-12-07,Phone,33.4,97.3,No,3.6
TKT-00521,Urban Retail,2025-10-21,Portal,27.4,66.8,Yes,3.8
TKT-00522,Lotus Retail,2025-05-06,Web,5.8,72.9,Yes,4.4
TKT-00523,Riverstone Ltd,2025-06-22,Email,35.8,68.8,No,3.8
TKT-00524,Westline Systems,2025-04-18,Chat,8.1,59.0,No,4.4
TKT-00525,Dawn Healthcare,2025-06-29,Web,20.6,79.6,Yes,4.1
TKT-00526,Zenith Foods,2026-06-08,Portal,26.2,74.6,No,4.5
TKT-00527,BrightPath Consulting,2026-01-05,Portal,7.4,71.1,Yes,4.2
TKT-00528,Evergreen Health,2025-03-21,Chat,27.3,74.7,No,3.2
TKT-00529,Quantum Tech,2025-04-12,Chat,3.3,14.3,No,5.0
TKT-00530,Dawn Healthcare,2026-06-17,Chat,10.9,71.3,No,4.7
TKT-00531,Vertex Health,2025-06-27,Email,6.8,25.8,No,5.0
TKT-00532,Delta Systems,2026-03-25,Chat,20.6,39.0,No,4.2
TKT-00533,Orion Industrial,2026-05-15,Portal,34.9,58.8,Yes,3.0
TKT-00534,Crescent Retail,2025-10-14,Web,27.8,55.5,Yes,4.9
TKT-00535,Nova Systems,2025-04-17,Portal,4.6,12.8,Yes,4.9
TKT-00536,Apex Industries,2025-11-09,Web,33.1,72.1,Yes,4.4
TKT-00537,Eagle Retail,2025-12-31,Portal,23.5,80.9,Yes,4.7
TKT-00538,Metro Healthcare,2025-04-06,Web,25.7,69.6,No,3.9
TKT-00539,Eagle Retail,2026-02-13,Email,12.7,82.8,No,4.5
TKT-00540,Westline Systems,2025-08-07,Portal,19.2,58.8,No,4.6
TKT-00541,Indus Education,2026-07-03,Email,32.3,42.4,No,3.9
TKT-00542,Urban Retail,2025-03-12,Web,30.5,55.9,No,3.4
TKT-00543,Trinity Services,2026-01-02,Chat,3.5,65.8,No,3.8
TKT-00544,Trinity Services,2025-03-07,Phone,24.8,31.0,No,3.9
TKT-00545,Zenith Foods,2025-03-09,Web,28.5,83.4,Yes,4.2
TKT-00546,Cobalt Systems,2025-06-27,Portal,6.8,15.6,Yes,4.8
TKT-00547,Fusion Logistics,2025-03-30,Portal,12.2,14.0,Yes,3.2
TKT-00548,Apex Industries,2025-03-20,Email,26.5,96.7,No,4.1
TKT-00549,Falcon Logistics,2026-02-06,Chat,24.0,50.0,No,4.7
TKT-00550,Zenith Foods,2025-02-10,Portal,27.7,42.3,No,4.9
TKT-00551,Vertex Health,2026-03-18,Chat,5.5,54.0,No,3.6
TKT-00552,Nova Systems,2026-03-22,Web,25.1,29.7,Yes,3.5
TKT-00553,Evergreen Health,2025-09-25,Email,31.7,53.4,No,5.0
TKT-00554,Cobalt Systems,2025-12-12,Chat,14.7,39.7,No,3.1
TKT-00555,Vertex Health,2025-09-28,Email,33.5,41.9,No,4.6
TKT-00556,Quantum Tech,2025-09-05,Chat,17.3,66.5,No,3.2
TKT-00557,Eagle Retail,2025-07-01,Chat,35.0,73.2,No,3.7
TKT-00558,Riverstone Ltd,2025-09-05,Web,20.4,88.5,Yes,4.4
TKT-00559,Nova Systems,2026-08-10,Phone,4.0,34.6,No,4.8
TKT-00560,Orion Industrial,2025-08-18,Phone,10.6,44.4,No,4.3
TKT-00561,Quantum Tech,2026-01-18,Phone,5.4,22.4,No,3.2
TKT-00562,Pioneer Logistics,2026-07-09,Portal,32.3,46.4,Yes,4.4
TKT-00563,Jupiter Foods,2026-06-17,Portal,11.7,73.0,No,4.6
TKT-00564,Dawn Healthcare,2025-05-01,Chat,17.7,21.3,No,4.2
TKT-00565,Eagle Retail,2025-07-16,Web,8.3,20.1,Yes,4.0
TKT-00566,Falcon Logistics,2026-02-11,Web,30.5,58.8,Yes,3.5
TKT-00567,Falcon Logistics,2025-02-04,Web,26.0,64.5,Yes,4.8
TKT-00568,Vertex Health,2025-04-19,Email,30.8,85.9,No,4.6
TKT-00569,Trinity Services,2026-08-25,Chat,30.7,85.1,No,3.1
TKT-00570,Eagle Retail,2026-08-28,Email,7.0,10.2,No,3.6
TKT-00571,Aria Components,2025-07-14,Phone,33.2,70.3,No,4.4
TKT-00572,Quantum Tech,2025-10-31,Chat,9.4,35.9,No,4.7
TKT-00573,Falcon Logistics,2025-07-29,Chat,33.7,97.2,No,4.4
TKT-00574,Westline Systems,2026-08-03,Portal,22.9,69.0,Yes,4.8
TKT-00575,Eagle Retail,2025-05-23,Portal,13.4,48.9,Yes,4.2
TKT-00576,Gamma Manufacturing,2025-09-18,Email,25.4,46.5,No,3.1
TKT-00577,Urban Retail,2025-04-08,Portal,24.6,25.7,Yes,4.1
TKT-00578,Westline Systems,2025-06-18,Phone,4.5,27.4,No,3.7
TKT-00579,Evergreen Health,2026-08-11,Portal,20.7,56.7,No,3.4
TKT-00580,Kaveri Engineering,2025-08-03,Chat,34.1,86.7,No,3.3
TKT-00581,Apex Industries,2025-07-09,Phone,15.4,50.9,No,4.5
TKT-00582,Falcon Logistics,2026-05-05,Email,8.8,71.8,No,3.9
TKT-00583,Westline Systems,2025-11-18,Email,13.4,45.3,No,4.5
TKT-00584,Evergreen Health,2026-08-19,Email,22.0,35.1,No,3.6
TKT-00585,Summit Manufacturing,2025-04-10,Chat,22.1,43.9,No,4.1
TKT-00586,Pioneer Logistics,2025-07-29,Portal,23.2,64.4,Yes,4.8
TKT-00587,Falcon Logistics,2025-01-06,Chat,24.6,70.1,No,3.6
TKT-00588,Delta Systems,2025-12-19,Chat,17.9,35.7,No,3.5
TKT-00589,Vertex Health,2026-02-19,Phone,2.2,10.1,No,3.6
TKT-00590,Indus Education,2026-04-25,Chat,19.7,79.5,No,4.0
TKT-00591,Cobalt Systems,2026-02-20,Web,27.5,57.6,No,4.2
TKT-00592,Lotus Retail,2025-12-30,Web,12.5,42.9,Yes,3.6
TKT-00593,Dawn Healthcare,2026-01-12,Chat,10.4,42.9,No,3.6
TKT-00594,Quantum Tech,2025-08-19,Chat,32.4,66.6,No,3.9
TKT-00595,Orion Industrial,2025-07-01,Email,21.5,26.6,No,4.7
TKT-00596,Pioneer Logistics,2026-04-05,Email,25.8,86.9,No,3.2
TKT-00597,Quantum Tech,2025-02-10,Portal,9.5,34.5,Yes,3.1
TKT-00598,Delta Systems,2026-06-08,Email,14.0,30.2,No,3.1
TKT-00599,Urban Retail,2026-07-09,Chat,21.4,45.9,No,4.4
TKT-00600,Lotus Retail,2025-09-12,Web,10.3,73.7,No,3.6
TKT-00601,Gamma Manufacturing,2026-06-29,Web,21.8,74.7,No,3.4
TKT-00602,Gamma Manufacturing,2026-08-13,Portal,9.5,14.9,Yes,4.6
TKT-00603,Cobalt Systems,2026-07-21,Phone,33.0,77.7,No,4.3
TKT-00604,Eagle Retail,2025-08-30,Web,2.1,26.9,No,4.9
TKT-00605,Apex Industries,2026-07-09,Web,23.4,27.2,Yes,4.7
TKT-00606,Orion Industrial,2026-08-23,Phone,18.0,54.8,No,4.0
TKT-00607,BrightPath Consulting,2025-08-15,Phone,5.8,57.4,No,4.4
TKT-00608,Riverstone Ltd,2025-04-03,Portal,25.6,81.0,Yes,4.1
TKT-00609,Orion Industrial,2025-08-11,Email,11.3,36.8,No,3.1
TKT-00610,Vertex Health,2025-08-03,Web,12.2,70.5,Yes,4.0
TKT-00611,Eagle Retail,2026-04-30,Portal,19.6,57.8,Yes,4.9
TKT-00612,Cobalt Systems,2026-07-02,Web,34.7,83.6,No,4.3
TKT-00613,BrightPath Consulting,2026-06-10,Web,9.4,51.3,Yes,3.6
TKT-00614,Zenith Foods,2026-07-16,Portal,21.4,72.1,No,4.9
TKT-00615,Nova Systems,2025-11-24,Portal,7.8,32.8,Yes,4.9
TKT-00616,Summit Manufacturing,2025-09-12,Phone,24.0,38.6,No,3.3
TKT-00617,Zenith Foods,2026-04-24,Chat,24.8,38.5,No,3.1
TKT-00618,Eagle Retail,2025-01-21,Web,11.0,14.6,No,4.7
TKT-00619,Zenith Foods,2025-03-19,Email,30.3,34.5,No,4.1
TKT-00620,Quantum Tech,2026-07-23,Chat,30.0,31.8,No,4.7
TKT-00621,Fusion Logistics,2025-12-29,Web,27.6,58.2,Yes,4.1
TKT-00622,Apex Industries,2025-03-01,Web,4.0,9.1,Yes,4.0
TKT-00623,Horizon Tech,2026-07-06,Portal,21.4,57.1,Yes,4.2
TKT-00624,Orion Industrial,2026-02-18,Phone,27.0,46.3,No,3.7
TKT-00625,Riverstone Ltd,2026-05-10,Chat,17.5,73.0,No,4.2
TKT-00626,Cobalt Systems,2025-04-23,Portal,9.0,43.7,No,3.8
TKT-00627,Westline Systems,2025-06-26,Web,18.1,87.1,No,4.6
TKT-00628,Indus Education,2025-10-13,Phone,7.8,24.6,No,4.0
TKT-00629,Riverstone Ltd,2026-02-25,Chat,11.6,23.3,No,3.5
TKT-00630,Horizon Tech,2025-06-30,Email,34.8,84.2,No,3.4
TKT-00631,Urban Retail,2025-07-23,Chat,10.5,77.0,No,4.3
TKT-00632,Kaveri Engineering,2025-05-01,Phone,25.9,52.5,No,3.2
TKT-00633,Crescent Retail,2026-07-20,Phone,17.3,51.4,No,3.3
TKT-00634,Gamma Manufacturing,2025-11-03,Email,16.9,82.2,No,3.8
TKT-00635,Quantum Tech,2026-01-07,Chat,18.5,72.3,No,4.7
TKT-00636,BluePeak Ltd,2025-05-13,Phone,27.9,61.9,No,4.5
TKT-00637,Urban Retail,2025-05-06,Chat,16.8,17.8,No,4.7
TKT-00638,Fusion Logistics,2025-06-04,Web,17.8,26.5,Yes,3.6
TKT-00639,Kaveri Engineering,2026-07-19,Email,19.6,34.4,No,4.1
TKT-00640,BluePeak Ltd,2025-11-30,Web,28.2,92.3,No,4.1
TKT-00641,Aria Components,2026-06-09,Phone,28.0,70.6,No,4.4
TKT-00642,Quantum Tech,2025-02-05,Web,30.7,101.7,Yes,4.9
TKT-00643,Gamma Manufacturing,2026-07-20,Chat,23.6,77.4,No,3.9
TKT-00644,Aria Components,2025-10-30,Portal,29.4,62.1,Yes,4.2
TKT-00645,Cobalt Systems,2025-12-02,Chat,19.7,48.9,No,3.9
TKT-00646,Indus Education,2026-08-13,Email,31.2,49.8,No,4.0
TKT-00647,Westline Systems,2025-08-19,Portal,33.0,100.0,No,4.1
TKT-00648,Aria Components,2026-03-08,Portal,13.9,64.2,No,3.6
TKT-00649,BrightPath Consulting,2025-04-27,Email,29.3,65.2,No,3.4
TKT-00650,Fusion Logistics,2025-01-30,Phone,4.4,34.4,No,3.7
TKT-00651,Gamma Manufacturing,2026-01-22,Chat,13.2,73.0,No,4.0
TKT-00652,Urban Retail,2025-05-31,Portal,28.1,34.6,Yes,4.0
TKT-00653,Apex Industries,2026-04-16,Phone,31.3,77.4,No,3.8
TKT-00654,Kaveri Engineering,2025-05-19,Chat,20.0,75.1,No,4.8
TKT-00655,BluePeak Ltd,2025-08-18,Portal,25.7,94.7,Yes,4.9
TKT-00656,Zenith Foods,2025-12-06,Web,6.0,38.2,Yes,3.5
TKT-00657,BluePeak Ltd,2025-06-19,Portal,6.3,48.6,Yes,3.3
TKT-00658,Nova Systems,2026-07-05,Chat,14.5,47.1,No,3.4
TKT-00659,Quantum Tech,2026-07-05,Email,20.9,51.8,No,4.3
TKT-00660,Urban Retail,2026-06-06,Phone,25.1,42.1,No,3.1
TKT-00661,Delta Systems,2026-06-09,Phone,26.3,81.8,No,4.5
TKT-00662,Aria Components,2025-04-19,Portal,36.0,61.1,Yes,3.6
TKT-00663,Aria Components,2025-11-14,Email,15.8,18.0,No,4.2
TKT-00664,Vertex Health,2025-10-05,Email,30.4,50.9,No,4.8
TKT-00665,Summit Manufacturing,2025-07-06,Portal,6.8,70.5,No,5.0
TKT-00666,Jupiter Foods,2025-07-01,Phone,22.5,92.5,No,4.1
TKT-00667,Kaveri Engineering,2026-02-11,Phone,1.3,3.8,No,3.2
TKT-00668,Vertex Health,2025-02-14,Phone,33.5,66.7,No,5.0
TKT-00669,Cobalt Systems,2026-01-21,Email,22.0,29.4,No,4.4
TKT-00670,BluePeak Ltd,2026-03-15,Web,20.1,50.9,Yes,4.8
TKT-00671,BrightPath Consulting,2025-08-21,Portal,31.2,70.7,Yes,4.8
TKT-00672,Cobalt Systems,2025-11-05,Phone,10.7,70.0,No,4.5
TKT-00673,Lotus Retail,2025-01-10,Portal,13.4,84.7,Yes,3.9
TKT-00674,Indus Education,2025-02-24,Web,10.1,79.5,Yes,5.0
TKT-00675,Crescent Retail,2025-02-04,Email,0.6,65.8,No,4.9
TKT-00676,Nova Systems,2026-06-25,Web,28.1,34.4,Yes,4.9
TKT-00677,Jupiter Foods,2025-07-27,Email,10.0,57.5,No,3.7
TKT-00678,Trinity Services,2025-05-27,Chat,18.0,33.3,No,3.2
TKT-00679,BluePeak Ltd,2025-06-09,Chat,20.3,34.7,No,4.4
TKT-00680,Urban Retail,2025-03-20,Email,18.7,42.6,No,4.2
TKT-00681,Delta Systems,2025-02-18,Portal,7.7,44.9,Yes,4.2
TKT-00682,Vertex Health,2026-05-01,Portal,2.6,27.8,No,4.1
TKT-00683,Dawn Healthcare,2025-06-01,Email,20.2,50.5,No,3.3
TKT-00684,Quantum Tech,2025-01-07,Email,31.2,63.9,No,4.4
TKT-00685,Falcon Logistics,2025-04-08,Chat,16.1,65.8,No,4.4
TKT-00686,Cobalt Systems,2025-01-06,Web,11.7,49.1,Yes,4.7
TKT-00687,Indus Education,2026-04-02,Phone,0.9,31.3,No,3.3
TKT-00688,Westline Systems,2025-07-11,Web,6.0,74.7,Yes,3.9
TKT-00689,Quantum Tech,2025-04-20,Email,6.0,64.0,No,4.8
TKT-00690,Dawn Healthcare,2025-02-16,Phone,5.5,51.6,No,3.6
TKT-00691,Westline Systems,2025-01-22,Email,31.2,56.5,No,4.9
TKT-00692,Dawn Healthcare,2025-07-21,Chat,13.5,53.8,No,4.2
TKT-00693,Crescent Retail,2025-11-25,Email,29.5,41.3,No,4.8
TKT-00694,Zenith Foods,2025-01-08,Portal,24.3,28.6,Yes,3.8
TKT-00695,Summit Manufacturing,2025-09-30,Web,26.3,52.3,Yes,4.8
TKT-00696,BrightPath Consulting,2025-03-24,Chat,26.8,56.8,No,3.9
TKT-00697,Dawn Healthcare,2026-05-12,Web,1.8,41.2,No,3.9
TKT-00698,Falcon Logistics,2025-02-06,Chat,2.6,60.4,No,4.1
TKT-00699,Westline Systems,2026-01-10,Web,2.6,24.0,No,4.6
TKT-00700,Orion Industrial,2026-07-25,Email,15.5,31.8,No,4.5
TKT-00701,Cobalt Systems,2025-03-27,Email,32.7,64.8,No,4.0
TKT-00702,Vertex Health,2026-03-27,Web,29.1,46.2,Yes,3.0
TKT-00703,Fusion Logistics,2025-02-01,Web,29.3,41.5,No,5.0
TKT-00704,Fusion Logistics,2025-07-09,Email,3.1,55.9,No,4.1
TKT-00705,Evergreen Health,2026-03-14,Email,20.9,72.5,No,4.2
TKT-00706,Lotus Retail,2025-07-24,Portal,16.3,55.8,Yes,4.3
TKT-00707,Cobalt Systems,2025-10-08,Chat,6.2,37.7,No,3.2
TKT-00708,Metro Healthcare,2026-06-14,Web,28.8,99.1,Yes,3.1
TKT-00709,Aria Components,2026-02-02,Portal,4.9,21.8,No,4.4
TKT-00710,Jupiter Foods,2026-06-18,Portal,34.2,35.4,Yes,4.6
TKT-00711,Eagle Retail,2025-08-24,Phone,11.2,42.9,No,3.8
TKT-00712,Trinity Services,2025-12-26,Web,14.2,51.6,Yes,3.3
TKT-00713,Aria Components,2026-06-01,Web,9.0,42.4,No,3.1
TKT-00714,Eagle Retail,2026-08-22,Web,26.5,40.3,Yes,4.7
TKT-00715,Quantum Tech,2026-05-05,Phone,17.3,76.0,No,3.5
TKT-00716,Dawn Healthcare,2025-04-23,Web,21.0,38.2,Yes,3.8
TKT-00717,Westline Systems,2026-03-31,Email,34.9,40.4,No,4.0
TKT-00718,Cobalt Systems,2025-01-29,Phone,2.8,67.2,No,3.2
TKT-00719,Falcon Logistics,2025-10-26,Web,2.9,54.3,No,4.0
TKT-00720,Trinity Services,2025-12-16,Chat,34.3,56.1,No,3.4
TKT-00721,Evergreen Health,2026-02-13,Email,31.9,42.9,No,4.9
TKT-00722,Trinity Services,2026-02-23,Web,24.6,41.5,Yes,4.9
TKT-00723,Crescent Retail,2026-02-07,Phone,6.5,8.1,No,3.4
TKT-00724,BrightPath Consulting,2025-11-28,Phone,5.3,20.6,No,4.9
TKT-00725,BrightPath Consulting,2025-03-18,Web,30.5,60.2,No,4.5
TKT-00726,Trinity Services,2025-10-08,Portal,9.3,33.0,Yes,4.1
TKT-00727,Riverstone Ltd,2025-11-02,Email,34.5,72.6,No,4.8
TKT-00728,Apex Industries,2025-05-08,Email,11.0,73.7,No,4.7
TKT-00729,Trinity Services,2025-03-25,Phone,7.5,57.9,No,3.5
TKT-00730,Aria Components,2025-07-03,Portal,7.3,11.1,No,3.1
TKT-00731,Dawn Healthcare,2026-07-04,Portal,0.6,51.3,Yes,4.3
TKT-00732,Summit Manufacturing,2025-10-06,Phone,10.7,62.7,No,4.6
TKT-00733,Urban Retail,2025-12-26,Portal,17.4,37.2,Yes,4.9
TKT-00734,Evergreen Health,2025-06-03,Phone,17.3,72.0,No,4.7
TKT-00735,Cobalt Systems,2026-01-04,Email,7.8,42.6,No,3.2
TKT-00736,Zenith Foods,2025-06-14,Portal,19.7,65.4,No,3.1
TKT-00737,Aria Components,2025-01-24,Email,21.1,92.5,No,3.9
TKT-00738,Vertex Health,2026-08-24,Chat,27.0,61.3,No,4.8
TKT-00739,Orion Industrial,2025-08-03,Web,24.9,59.6,Yes,4.2
TKT-00740,Nova Systems,2025-08-25,Phone,16.0,49.6,No,4.1
TKT-00741,Horizon Tech,2025-12-02,Portal,6.3,58.5,Yes,3.9
TKT-00742,Quantum Tech,2025-07-13,Portal,29.3,53.8,No,3.5
TKT-00743,Crescent Retail,2025-08-26,Portal,29.0,41.6,No,4.8
TKT-00744,Riverstone Ltd,2026-01-14,Web,15.2,46.7,No,3.3
TKT-00745,Lotus Retail,2025-12-03,Portal,24.8,92.7,No,4.3
TKT-00746,Crescent Retail,2025-10-13,Phone,20.0,43.3,No,3.4
TKT-00747,Kaveri Engineering,2025-10-12,Email,20.0,81.1,No,4.1
TKT-00748,Indus Education,2026-06-24,Web,15.2,83.3,No,3.5
TKT-00749,Falcon Logistics,2025-05-22,Web,1.0,32.0,No,4.1
TKT-00750,Westline Systems,2025-10-29,Portal,34.5,58.9,No,3.6
TKT-00751,Urban Retail,2025-07-20,Email,12.7,65.1,No,4.9
TKT-00752,Jupiter Foods,2025-06-03,Portal,19.7,54.7,Yes,3.6
TKT-00753,Cobalt Systems,2025-04-19,Chat,0.7,8.2,No,3.5
TKT-00754,Summit Manufacturing,2026-07-18,Portal,33.8,97.5,No,4.4
TKT-00755,Indus Education,2025-10-16,Chat,16.9,80.8,No,3.1
TKT-00756,Cobalt Systems,2025-07-25,Chat,24.4,46.5,No,4.9
TKT-00757,BrightPath Consulting,2025-01-07,Web,27.2,43.5,No,3.3
TKT-00758,Gamma Manufacturing,2025-11-02,Chat,30.8,33.7,No,4.5
TKT-00759,Lotus Retail,2026-05-06,Portal,23.2,27.2,Yes,3.6
TKT-00760,Apex Industries,2025-01-01,Phone,33.5,57.7,No,3.8
TKT-00761,Cobalt Systems,2026-06-28,Chat,3.1,8.8,No,3.1
TKT-00762,Summit Manufacturing,2025-08-13,Chat,19.7,57.0,No,3.9
TKT-00763,BrightPath Consulting,2025-04-30,Phone,23.3,29.2,No,4.8
TKT-00764,Delta Systems,2025-07-22,Web,2.7,24.3,Yes,3.5
TKT-00765,Nova Systems,2025-09-04,Phone,19.1,64.9,No,4.4
TKT-00766,Kaveri Engineering,2025-07-17,Phone,20.0,34.5,No,4.7
TKT-00767,Horizon Tech,2025-03-25,Phone,15.7,51.8,No,3.0
TKT-00768,Horizon Tech,2025-10-05,Chat,29.9,93.4,No,4.6
TKT-00769,Zenith Foods,2026-05-18,Chat,28.4,54.1,No,4.9
TKT-00770,Metro Healthcare,2026-05-27,Phone,34.1,88.9,No,3.7
TKT-00771,Gamma Manufacturing,2026-05-29,Web,26.4,52.6,Yes,4.4
TKT-00772,Jupiter Foods,2025-11-12,Portal,33.7,89.0,Yes,3.7
TKT-00773,Westline Systems,2025-12-02,Phone,3.1,63.8,No,4.2
TKT-00774,Apex Industries,2026-06-04,Chat,17.4,56.1,No,3.3
TKT-00775,Nova Systems,2026-05-02,Email,31.9,56.2,No,3.3
TKT-00776,Metro Healthcare,2025-11-25,Portal,1.4,10.6,Yes,4.9
TKT-00777,Vertex Health,2025-12-15,Portal,7.1,46.1,No,3.4
TKT-00778,Fusion Logistics,2026-05-13,Email,6.2,68.3,No,3.4
TKT-00779,Kaveri Engineering,2025-12-08,Chat,13.2,41.2,No,4.6
TKT-00780,Nova Systems,2025-05-10,Phone,35.9,99.6,No,3.1
TKT-00781,Zenith Foods,2025-12-12,Phone,10.7,21.3,No,4.0
TKT-00782,Orion Industrial,2025-03-04,Email,32.2,90.4,No,3.1
TKT-00783,Nova Systems,2025-08-18,Email,9.0,34.5,No,3.5
TKT-00784,Westline Systems,2025-02-11,Phone,13.1,63.2,No,4.8
TKT-00785,Eagle Retail,2026-08-27,Email,20.0,87.7,No,4.8
TKT-00786,Apex Industries,2026-03-18,Web,2.5,71.3,No,4.7
TKT-00787,Crescent Retail,2026-07-21,Web,6.1,54.1,Yes,4.8
TKT-00788,Gamma Manufacturing,2026-01-15,Phone,8.0,27.3,No,4.9
TKT-00789,Cobalt Systems,2026-04-07,Email,18.9,87.8,No,4.6
TKT-00790,Evergreen Health,2026-08-17,Phone,19.3,58.1,No,4.0
TKT-00791,Pioneer Logistics,2025-04-03,Phone,33.7,94.5,No,3.3
TKT-00792,Zenith Foods,2026-03-08,Web,34.1,91.9,Yes,4.4
TKT-00793,Indus Education,2025-05-18,Web,6.6,10.7,No,3.3
TKT-00794,Gamma Manufacturing,2026-07-04,Phone,13.4,72.6,No,4.6
TKT-00795,Trinity Services,2026-08-02,Phone,27.0,82.4,No,4.5
TKT-00796,Falcon Logistics,2026-03-03,Web,35.8,59.8,Yes,3.5
TKT-00797,Gamma Manufacturing,2025-04-14,Phone,21.1,35.8,No,3.3
TKT-00798,Fusion Logistics,2026-08-24,Email,11.7,39.5,No,4.7
TKT-00799,Zenith Foods,2026-02-13,Email,5.8,43.7,No,4.0
TKT-00800,Delta Systems,2026-02-25,Phone,19.1,42.7,No,4.7
TKT-00801,Fusion Logistics,2025-12-21,Portal,9.0,68.8,No,3.1
TKT-00802,Horizon Tech,2025-02-10,Web,11.5,45.7,No,4.5
TKT-00803,Westline Systems,2025-03-13,Chat,31.2,86.7,No,4.8
TKT-00804,Horizon Tech,2025-03-18,Phone,12.5,71.4,No,3.9
TKT-00805,Indus Education,2025-09-23,Chat,21.8,76.1,No,4.1
TKT-00806,Indus Education,2026-04-11,Portal,28.1,94.7,No,4.8
TKT-00807,Delta Systems,2026-03-03,Web,7.0,40.8,No,4.3
TKT-00808,Apex Industries,2025-04-04,Email,11.1,36.5,No,4.3
TKT-00809,Indus Education,2025-02-27,Portal,5.0,8.4,Yes,3.4
TKT-00810,Delta Systems,2025-04-20,Phone,11.8,28.2,No,3.6
TKT-00811,Summit Manufacturing,2026-04-20,Web,24.0,85.7,Yes,3.6
TKT-00812,Summit Manufacturing,2025-04-07,Phone,7.8,34.9,No,4.2
TKT-00813,Lotus Retail,2025-02-02,Portal,34.9,94.0,Yes,4.0
TKT-00814,Delta Systems,2026-01-04,Portal,30.3,94.9,No,4.6
TKT-00815,BrightPath Consulting,2026-01-22,Portal,3.3,63.5,Yes,4.8
TKT-00816,Kaveri Engineering,2025-11-09,Email,1.2,56.7,No,3.4
TKT-00817,Delta Systems,2025-07-24,Email,13.0,29.1,No,3.7
TKT-00818,Falcon Logistics,2026-05-24,Email,14.2,79.1,No,4.9
TKT-00819,Horizon Tech,2026-06-30,Phone,34.4,103.7,No,4.0
TKT-00820,Jupiter Foods,2025-04-20,Web,7.1,63.6,Yes,3.6
TKT-00821,Dawn Healthcare,2025-07-10,Portal,0.8,26.1,Yes,3.6
TKT-00822,Summit Manufacturing,2026-04-22,Email,21.7,51.8,No,4.5
TKT-00823,Falcon Logistics,2026-02-23,Phone,30.8,59.2,No,3.3
TKT-00824,Delta Systems,2026-07-23,Web,19.3,87.0,Yes,3.6
TKT-00825,BrightPath Consulting,2026-08-24,Phone,22.2,48.8,No,3.4
TKT-00826,Aria Components,2026-03-15,Portal,24.2,36.6,No,5.0
TKT-00827,Crescent Retail,2026-08-02,Phone,11.6,41.4,No,4.7
TKT-00828,Crescent Retail,2025-08-04,Portal,28.6,48.0,Yes,4.7
TKT-00829,Trinity Services,2026-08-15,Web,18.2,60.4,Yes,3.1
TKT-00830,Dawn Healthcare,2026-01-16,Chat,3.9,61.3,No,4.2
TKT-00831,Crescent Retail,2026-06-02,Phone,21.3,53.5,No,3.2
TKT-00832,Eagle Retail,2025-07-02,Phone,14.6,75.1,No,4.3
TKT-00833,Crescent Retail,2025-03-07,Chat,9.1,41.0,No,4.1
TKT-00834,Westline Systems,2026-08-12,Phone,29.1,31.8,No,3.5
TKT-00835,Eagle Retail,2025-09-30,Chat,35.8,90.8,No,4.1
TKT-00836,Summit Manufacturing,2026-05-22,Chat,33.1,87.9,No,4.6
TKT-00837,BluePeak Ltd,2025-08-29,Email,8.1,66.6,No,4.3
TKT-00838,Quantum Tech,2025-10-07,Email,10.5,46.8,No,4.9
TKT-00839,Orion Industrial,2025-12-15,Email,34.1,86.4,No,4.2
TKT-00840,Quantum Tech,2026-04-11,Chat,8.1,31.5,No,4.5
TKT-00841,Eagle Retail,2026-07-22,Phone,13.3,53.8,No,4.5
TKT-00842,Pioneer Logistics,2025-12-27,Email,15.2,85.7,No,4.0
TKT-00843,Westline Systems,2025-06-18,Web,4.8,36.3,No,4.4
TKT-00844,Urban Retail,2025-07-26,Web,8.1,60.3,Yes,3.1
TKT-00845,Jupiter Foods,2026-05-17,Web,8.6,75.8,No,3.7
TKT-00846,BrightPath Consulting,2025-01-20,Phone,1.4,36.3,No,4.1
TKT-00847,BrightPath Consulting,2026-01-23,Phone,33.7,47.4,No,4.1
TKT-00848,Falcon Logistics,2026-05-21,Portal,32.2,46.5,Yes,3.2
TKT-00849,Nova Systems,2025-12-09,Web,3.8,70.2,Yes,3.7
TKT-00850,Crescent Retail,2025-01-17,Chat,9.7,60.8,No,4.0
TKT-00851,Trinity Services,2026-06-17,Web,19.9,26.5,Yes,3.7
TKT-00852,Evergreen Health,2026-02-27,Web,19.4,26.6,No,3.4
TKT-00853,Summit Manufacturing,2026-03-03,Web,17.2,29.4,Yes,3.8
TKT-00854,Jupiter Foods,2025-09-16,Web,15.6,69.1,Yes,3.5
TKT-00855,Riverstone Ltd,2025-11-11,Chat,11.9,77.1,No,3.3
TKT-00856,Gamma Manufacturing,2025-02-21,Portal,16.1,28.3,Yes,4.0
TKT-00857,Westline Systems,2026-03-20,Email,18.0,27.8,No,3.9
TKT-00858,Pioneer Logistics,2026-08-08,Portal,10.9,33.3,No,3.9
TKT-00859,Nova Systems,2025-01-24,Email,24.2,60.1,No,3.3
TKT-00860,Fusion Logistics,2026-06-07,Phone,4.4,40.7,No,4.0
TKT-00861,Urban Retail,2026-05-18,Portal,1.7,54.6,No,3.4
TKT-00862,Jupiter Foods,2026-03-12,Chat,26.8,92.2,No,4.7
TKT-00863,Orion Industrial,2025-02-27,Portal,17.4,58.3,No,3.6
TKT-00864,Indus Education,2026-04-07,Email,2.9,36.9,No,3.3
TKT-00865,Cobalt Systems,2026-05-23,Chat,21.5,70.7,No,3.0
TKT-00866,Urban Retail,2026-01-04,Web,11.8,42.5,Yes,4.2
TKT-00867,Zenith Foods,2025-04-30,Web,28.8,51.8,Yes,4.8
TKT-00868,Gamma Manufacturing,2025-06-29,Chat,2.7,24.6,No,3.8
TKT-00869,Fusion Logistics,2025-02-07,Phone,10.5,47.4,No,4.3
TKT-00870,Indus Education,2025-11-14,Web,13.0,43.0,Yes,4.0
TKT-00871,Nova Systems,2025-09-01,Email,22.8,35.2,No,4.3
TKT-00872,Metro Healthcare,2025-07-11,Phone,12.9,33.9,No,3.3
TKT-00873,Gamma Manufacturing,2025-03-16,Chat,6.0,35.6,No,3.8
TKT-00874,Orion Industrial,2025-12-01,Portal,13.9,66.8,No,4.8
TKT-00875,BluePeak Ltd,2025-11-24,Chat,8.9,61.5,No,3.2
TKT-00876,Fusion Logistics,2026-01-12,Email,2.6,64.7,No,4.7
TKT-00877,BrightPath Consulting,2025-11-27,Web,22.5,27.8,Yes,4.1
TKT-00878,Urban Retail,2025-12-22,Email,20.3,65.8,No,3.4
TKT-00879,Vertex Health,2026-04-25,Chat,27.1,80.3,No,4.2
TKT-00880,BluePeak Ltd,2026-01-08,Email,16.6,78.4,No,4.1
TKT-00881,Urban Retail,2026-03-07,Phone,28.0,92.4,No,4.1
TKT-00882,Apex Industries,2025-05-07,Web,29.7,49.0,No,4.6
TKT-00883,Crescent Retail,2025-06-23,Chat,6.0,67.9,No,4.6
TKT-00884,Metro Healthcare,2025-06-25,Email,19.4,83.1,No,4.5
TKT-00885,Riverstone Ltd,2026-06-10,Web,12.3,35.8,No,4.7
TKT-00886,Cobalt Systems,2026-08-07,Email,30.8,62.6,No,3.0
TKT-00887,Apex Industries,2025-12-09,Phone,27.3,45.8,No,4.4
TKT-00888,Indus Education,2025-11-25,Chat,30.9,87.4,No,3.8
TKT-00889,Summit Manufacturing,2026-07-06,Web,33.1,54.0,Yes,3.3
TKT-00890,Falcon Logistics,2025-10-16,Portal,23.6,80.5,No,3.8
TKT-00891,Pioneer Logistics,2026-01-26,Web,34.3,85.7,Yes,4.6
TKT-00892,Orion Industrial,2025-05-02,Email,10.1,37.4,No,3.4
TKT-00893,Falcon Logistics,2025-06-08,Phone,21.3,32.0,No,4.8
TKT-00894,Evergreen Health,2025-06-26,Phone,13.7,43.8,No,4.2
TKT-00895,Trinity Services,2026-08-01,Phone,27.2,62.2,No,3.2
TKT-00896,Aria Components,2026-01-08,Email,18.4,68.1,No,3.9
TKT-00897,Indus Education,2025-05-26,Chat,16.6,63.2,No,3.6
TKT-00898,Falcon Logistics,2025-04-15,Portal,10.4,55.7,Yes,3.1
TKT-00899,Kaveri Engineering,2025-10-08,Portal,1.0,52.8,Yes,3.5
TKT-00900,BluePeak Ltd,2025-07-24,Web,15.7,25.9,Yes,4.7
